Simulación,Secuencia,Peso [kg],V_Inicial_Z [m/s],V_Final_Z [m/s],KE_Inicial [J],KE_Final [J],KE_Abs [J],%KE_Abs [%]
case_0001_TTTTCCCCCCCC,TTTTCCCCCCCC,0.728438,180.5,39.94548797607422,814.50625,39.89105024116725,774.6151997588328,95.10242551961176
case_0002_TTTCTCCCCCCC,TTTCTCCCCCCC,0.728438,180.5,46.45145797729492,814.50625,53.94344870540991,760.5628012945901,93.3771596343908
case_0003_TTTCCTCCCCCC,TTTCCTCCCCCC,0.728438,180.5,61.0957260131836,814.50625,93.31719342694998,721.18905657305,88.54309670098296
case_0004_TTTCCCTCCCCC,TTTCCCTCCCCC,0.728438,180.5,49.33255386352539,814.50625,60.84252176744085,753.6637282325592,92.53013445047955
case_0005_TTTCCCCTCCCC,TTTCCCCTCCCC,0.728438,180.5,46.47215270996094,814.50625,53.99152443744825,760.5147255625518,93.37125719570007
case_0006_TTTCCCCCTCCC,TTTCCCCCTCCC,0.728438,180.5,54.06536865234375,814.50625,73.07660218784586,741.4296478121541,91.02811031985993
case_0007_TTTCCCCCCTCC,TTTCCCCCCTCC,0.728438,180.5,29.30148696899414,814.50625,21.464428464853338,793.0418215351467,97.36473127556071
case_0008_TTTCCCCCCCTC,TTTCCCCCCCTC,0.728438,180.5,57.2556037902832,814.50625,81.95510413474732,732.5511458652527,89.9380631965995
case_0009_TTTCCCCCCCCT,TTTCCCCCCCCT,0.728438,180.5,21.440105438232425,814.50625,11.491953030063092,803.0142969699369,98.58908964417853
case_0010_TTCTTCCCCCCC,TTCTTCCCCCCC,0.728438,180.5,-4.28500509262085,814.50625,0.4590317160946654,814.0472182839054,99.9436429473568
case_0011_TTCTCTCCCCCC,TTCTCTCCCCCC,0.728438,180.5,9.25690460205078,814.50625,2.1422570702867225,812.3639929297133,99.73698703106493
case_0012_TTCTCCTCCCCC,TTCTCCTCCCCC,0.728438,180.5,7.921481609344482,814.50625,1.5687467721795714,812.9375032278205,99.80739905038426
case_0013_TTCTCCCTCCCC,TTCTCCCTCCCC,0.728438,180.5,73.91854858398438,814.50625,136.59879561907147,677.9074543809286,83.22925138768777
case_0014_TTCTCCCCTCCC,TTCTCCCCTCCC,0.728438,180.5,57.911922454833984,814.50625,83.84476906036763,730.6614809396324,89.70606191660683
case_0015_TTCTCCCCCTCC,TTCTCCCCCTCC,0.728438,180.5,82.91746520996094,814.50625,171.88265092112707,642.623599078873,78.8973195821239
case_0016_TTCTCCCCCCTC,TTCTCCCCCCTC,0.728438,180.5,58.792625427246094,814.50625,86.4143201157116,728.0919298842884,89.39058845580232
case_0017_TTCTCCCCCCCT,TTCTCCCCCCCT,0.728438,180.5,63.89591598510742,814.50625,102.06720198939766,712.4390480106024,87.46882519447854
case_0018_TTCCTTCCCCCC,TTCCTTCCCCCC,0.728438,180.5,56.88679504394531,814.50625,80.90268625929603,733.603563740704,90.06727250290639
case_0019_TTCCTCTCCCCC,TTCCTCTCCCCC,0.728438,180.5,43.64201736450195,814.50625,47.61564199108725,766.8906080089127,94.15404829722456
case_0020_TTCCTCCTCCCC,TTCCTCCTCCCC,0.728438,180.5,57.45256805419922,814.50625,82.51993940055982,731.9863105994402,89.86871624366789
case_0021_TTCCTCCCTCCC,TTCCTCCCTCCC,0.728438,180.5,27.47779655456543,814.50625,18.875732587352196,795.6305174126478,97.68255521828688
case_0022_TTCCTCCCCTCC,TTCCTCCCCTCC,0.728438,180.5,23.424983978271484,814.50625,13.718246859556894,800.7880031404432,98.31575916580665
case_0023_TTCCTCCCCCTC,TTCCTCCCCCTC,0.728438,180.5,14.898834228515623,814.50625,5.549381534219719,808.9568684657803,99.31868152832224
case_0024_TTCCTCCCCCCT,TTCCTCCCCCCT,0.728438,180.5,27.18790054321289,814.50625,18.479548398690895,796.0267016013091,97.73119624328346
case_0025_TTCCCTTCCCCC,TTCCCTTCCCCC,0.728438,180.5,-0.3598173260688782,814.50625,0.0032367127034839353,814.5030132872965,99.9996026165909
case_0026_TTCCCTCTCCCC,TTCCCTCTCCCC,0.728438,180.5,4.520908832550049,814.50625,0.5109654168057262,813.9952845831943,99.93726685132181
case_0027_TTCCCTCCTCCC,TTCCCTCCTCCC,0.728438,180.5,8.833248138427734,814.50625,1.950656816875926,812.5555931831241,99.76051051580316
case_0028_TTCCCTCCCTCC,TTCCCTCCCTCC,0.728438,180.5,11.81904125213623,814.50625,3.492243402992449,811.0140065970076,99.57124412452421
case_0029_TTCCCTCCCCTC,TTCCCTCCCCTC,0.728438,180.5,41.42446899414063,814.50625,42.89966578616297,771.6065842138371,94.73304645775733
case_0030_TTCCCTCCCCCT,TTCCCTCCCCCT,0.728438,180.5,58.613746643066406,814.50625,85.88928238843947,728.6169676115605,89.45504931503724
case_0031_TTCCCCTTCCCC,TTCCCCTTCCCC,0.728438,180.5,6.224335193634033,814.50625,0.9685587150677805,813.5376912849323,99.88108639865345
case_0032_TTCCCCTCTCCC,TTCCCCTCTCCC,0.728438,180.5,23.41071510314941,814.50625,13.7015395410207,800.8047104589793,98.31781038622839
case_0033_TTCCCCTCCTCC,TTCCCCTCCTCC,0.728438,180.5,2.2630937099456787,814.50625,0.1280398284998924,814.3782101715001,99.98428006801667
case_0034_TTCCCCTCCCTC,TTCCCCTCCCTC,0.728438,180.5,56.0948600769043,814.50625,78.6658331761868,735.8404168238133,90.34189938061411
case_0035_TTCCCCTCCCCT,TTCCCCTCCCCT,0.728438,180.5,55.44048690795898,814.50625,76.84118971478927,737.6650602852108,90.5659177305528
case_0036_TTCCCCCTTCCC,TTCCCCCTTCCC,0.728438,180.5,60.88022232055664,814.50625,92.66003674501007,721.84621325499,88.6237783018841
case_0037_TTCCCCCTCTCC,TTCCCCCTCTCC,0.728438,180.5,21.0822696685791,814.50625,11.111552359467261,803.3946976405327,98.63579286721652
case_0038_TTCCCCCTCCTC,TTCCCCCTCCTC,0.728438,180.5,57.020484924316406,814.50625,81.28339252510487,733.2228574748951,90.02053176079313
case_0039_TTCCCCCTCCCT,TTCCCCCTCCCT,0.728438,180.5,33.9213981628418,814.50625,28.766531333051173,785.7397186669489,96.46822460440897
case_0040_TTCCCCCCTTCC,TTCCCCCCTTCC,0.728438,180.5,2.761267900466919,814.50625,0.19061501045372467,814.3156349895463,99.97659747725032
case_0041_TTCCCCCCTCTC,TTCCCCCCTCTC,0.728438,180.5,7.599132537841797,814.50625,1.4436703831921478,813.0625796168079,99.82275514973739
case_0042_TTCCCCCCTCCT,TTCCCCCCTCCT,0.728438,180.5,29.36627578735352,814.50625,21.559453840472642,792.9467961595274,97.35306465230038
case_0043_TTCCCCCCCTTC,TTCCCCCCCTTC,0.728438,180.5,0.3134697079658508,814.50625,0.0024565814453048943,814.5037934185547,99.9996983962437
case_0044_TTCCCCCCCTCT,TTCCCCCCCTCT,0.728438,180.5,17.13736915588379,814.50625,7.342235539625927,807.1640144603741,99.09856608962474
case_0045_TTCCCCCCCCTT,TTCCCCCCCCTT,0.728438,180.5,0.3252261281013489,814.50625,0.002644300859994875,814.50360569914,99.99967534922415
case_0046_TCTTTCCCCCCC,TCTTTCCCCCCC,0.728438,180.5,65.20948028564453,814.50625,106.30690797809658,708.1993420219035,86.94830052217567
case_0047_TCTTCTCCCCCC,TCTTCTCCCCCC,0.728438,180.5,71.39933776855469,814.50625,127.446635844704,687.059614155296,84.35289651310791
case_0048_TCTTCCTCCCCC,TCTTCCTCCCCC,0.728438,180.5,32.20098876953125,814.50625,25.922591943386944,788.5836580566131,96.817385754451
case_0049_TCTTCCCTCCCC,TCTTCCCTCCCC,0.728438,180.5,36.13338470458984,814.50625,32.640537255247175,781.8657127447528,95.99259830661248
case_0050_TCTTCCCCTCCC,TCTTCCCCTCCC,0.728438,180.5,69.62042236328125,814.50625,121.1750802510418,693.3311697489582,85.12287901399876
case_0051_TCTTCCCCCTCC,TCTTCCCCCTCC,0.728438,180.5,75.34732055664062,814.50625,141.93046787662897,672.575782123371,82.57466190386765
case_0052_TCTTCCCCCCTC,TCTTCCCCCCTC,0.728438,180.5,35.18928527832031,814.50625,30.957144959975267,783.5491050400248,96.19927471888948
case_0053_TCTTCCCCCCCT,TCTTCCCCCCCT,0.728438,180.5,67.807861328125,814.50625,114.94765144735575,699.5585985526443,85.88744390268882
case_0054_TCTCTTCCCCCC,TCTCTTCCCCCC,0.728438,180.5,67.47356414794922,814.50625,113.81704647068545,700.6892035293146,86.02625253388965
case_0055_TCTCTCTCCCCC,TCTCTCTCCCCC,0.728438,180.5,-1.594215750694275,814.50625,0.06353809649404277,814.4427119035059,99.9921991885889
case_0056_TCTCTCCTCCCC,TCTCTCCTCCCC,0.728438,180.5,14.125391960144045,814.50625,4.988167450692551,809.5180825493075,99.38758389506617
case_0057_TCTCTCCCTCCC,TCTCTCCCTCCC,0.728438,180.5,15.542729377746582,814.50625,6.039410912746667,808.4668390872533,99.25851877591526
case_0058_TCTCTCCCCTCC,TCTCTCCCCTCC,0.728438,180.5,77.30567932128906,814.50625,149.40420138314948,665.1020486168505,81.65708349283392
case_0059_TCTCTCCCCCTC,TCTCTCCCCCTC,0.728438,180.5,76.3618392944336,814.50625,145.77826251072256,668.7279874892774,82.10225366463148
case_0060_TCTCTCCCCCCT,TCTCTCCCCCCT,0.728438,180.5,78.82079315185547,814.50625,155.31793582718967,659.1883141728104,80.9310320421495
case_0061_TCTCCTTCCCCC,TCTCCTTCCCCC,0.728438,180.5,57.57721710205078,814.50625,82.87839823041723,731.6278517695828,89.82470690305725
case_0062_TCTCCTCTCCCC,TCTCCTCTCCCC,0.728438,180.5,-0.8351734280586243,814.50625,0.01743786637337985,814.4888121336267,99.99785908746884
case_0063_TCTCCTCCTCCC,TCTCCTCCTCCC,0.728438,180.5,57.45978927612305,814.50625,82.54068459141163,731.9655654085884,89.86616927845408
case_0064_TCTCCTCCCTCC,TCTCCTCCCTCC,0.728438,180.5,4.5366082191467285,814.50625,0.5145203533507413,813.9917296466493,99.93683039837316
case_0065_TCTCCTCCCCTC,TCTCCTCCCCTC,0.728438,180.5,3.834625005722046,814.50625,0.36760872336272005,814.1386412766373,99.95486729250233
case_0066_TCTCCTCCCCCT,TCTCCTCCCCCT,0.728438,180.5,11.10254955291748,814.50625,3.0816651643747037,811.4245848356253,99.62165236124649
case_0067_TCTCCCTTCCCC,TCTCCCTTCCCC,0.728438,180.5,72.57513427734375,814.50625,131.6787528843619,682.8274971156382,83.8333035646612
case_0068_TCTCCCTCTCCC,TCTCCCTCTCCC,0.728438,180.5,17.418434143066406,814.50625,7.585046199908539,806.9212038000915,99.06875531036029
case_0069_TCTCCCTCCTCC,TCTCCCTCCTCC,0.728438,180.5,13.216934204101562,814.50625,4.367183743888745,810.1390662561113,99.46382440357104
case_0070_TCTCCCTCCCTC,TCTCCCTCCCTC,0.728438,180.5,10.008018493652344,814.50625,2.5040108542321833,812.0022391457678,99.69257315653107
case_0071_TCTCCCTCCCCT,TCTCCCTCCCCT,0.728438,180.5,71.67489624023438,814.50625,128.4322687762091,686.073981223791,84.23188664590246
case_0072_TCTCCCCTTCCC,TCTCCCCTTCCC,0.728438,180.5,2.426880121231079,814.50625,0.14724367807066444,814.3590063219293,99.98192233907712
case_0073_TCTCCCCTCTCC,TCTCCCCTCTCC,0.728438,180.5,77.88874053955078,814.50625,151.66639757093654,662.8398524290635,81.37934514671478
case_0074_TCTCCCCTCCTC,TCTCCCCTCCTC,0.728438,180.5,5.085247039794922,814.50625,0.6464934363935755,813.8597565636064,99.92062756591572
case_0075_TCTCCCCTCCCT,TCTCCCCTCCCT,0.728438,180.5,54.24039077758789,814.50625,73.55049979263605,740.955750207364,90.96992812607195
case_0076_TCTCCCCCTTCC,TCTCCCCCTTCC,0.728438,180.5,61.69459915161133,814.50625,95.15558911195004,719.35066088805,88.31738993875737
case_0077_TCTCCCCCTCTC,TCTCCCCCTCTC,0.728438,180.5,36.32710647583008,814.50625,32.99146662265739,781.5147833773426,95.94951338646482
case_0078_TCTCCCCCTCCT,TCTCCCCCTCCT,0.728438,180.5,61.148681640625,814.50625,93.47903165966272,721.0272183403373,88.52322721161897
case_0079_TCTCCCCCCTTC,TCTCCCCCCTTC,0.728438,180.5,75.82075500488281,814.50625,143.71967223776156,670.7865777622385,82.35499454574332
case_0080_TCTCCCCCCTCT,TCTCCCCCCTCT,0.728438,180.5,16.528200149536133,814.50625,6.829535004578156,807.6767149954219,99.16151226530452
case_0081_TCTCCCCCCCTT,TCTCCCCCCCTT,0.728438,180.5,52.84683609008789,814.50625,69.8197021183154,744.6865478816846,91.42797220790935
case_0082_TCCTTTCCCCCC,TCCTTTCCCCCC,0.728438,180.5,64.69465637207031,814.50625,104.63496407750645,709.8712859224936,87.15357137191931
case_0083_TCCTTCTCCCCC,TCCTTCTCCCCC,0.728438,180.5,64.52777099609375,814.50625,104.09583074310795,710.410419256892,87.21976280192963
case_0084_TCCTTCCTCCCC,TCCTTCCTCCCC,0.728438,180.5,69.88336181640625,814.50625,122.09210646906868,692.4141435309314,85.01029225140155
case_0085_TCCTTCCCTCCC,TCCTTCCCTCCC,0.728438,180.5,68.74640655517578,814.50625,118.1517103562379,696.3545396437621,85.49406952294866
case_0086_TCCTTCCCCTCC,TCCTTCCCCTCC,0.728438,180.5,66.7302474975586,814.50625,111.32314827713563,703.1831017228644,86.33243780791913
case_0087_TCCTTCCCCCTC,TCCTTCCCCCTC,0.728438,180.5,47.01443099975586,814.50625,55.258918055770124,759.2473319442299,93.21565450777449
case_0088_TCCTTCCCCCCT,TCCTTCCCCCCT,0.728438,180.5,36.109519958496094,814.50625,32.59743579082569,781.9088142091744,95.99789003573322
case_0089_TCCTCTTCCCCC,TCCTCTTCCCCC,0.728438,180.5,30.151386260986328,814.50625,22.727652336479878,791.7785976635201,97.20964052314149
case_0090_TCCTCTCTCCCC,TCCTCTCTCCCC,0.728438,180.5,14.8729887008667,814.50625,5.530144822402713,808.9761051775973,99.32104329188356
case_0091_TCCTCTCCTCCC,TCCTCTCCTCCC,0.728438,180.5,-0.099063403904438,814.50625,0.0002453389498283456,814.5060046610502,99.9999698788131
case_0092_TCCTCTCCCTCC,TCCTCTCCCTCC,0.728438,180.5,2.054565191268921,814.50625,0.10553095312934745,814.4007190468707,99.98704356742145
case_0093_TCCTCTCCCCTC,TCCTCTCCCCTC,0.728438,180.5,13.435399055480955,814.50625,4.512748694500464,809.9935013054995,99.4459528463409
case_0094_TCCTCTCCCCCT,TCCTCTCCCCCT,0.728438,180.5,2.781146287918091,814.50625,0.1933693668700144,814.31288063313,99.97625931453933
case_0095_TCCTCCTTCCCC,TCCTCCTTCCCC,0.728438,180.5,55.88816452026367,814.50625,78.08717333610149,736.4190766638985,90.41294362859689
case_0096_TCCTCCTCTCCC,TCCTCCTCTCCC,0.728438,180.5,17.17659568786621,814.50625,7.375885985610603,807.1303640143894,99.094434697633
case_0097_TCCTCCTCCTCC,TCCTCCTCCTCC,0.728438,180.5,1.9747722148895264,814.50625,0.09749313251749214,814.4087568674826,99.98803040093094
case_0098_TCCTCCTCCCTC,TCCTCCTCCCTC,0.728438,180.5,3.641278028488159,814.50625,0.3314726420187654,814.1747773579813,99.95930385530882
case_0099_TCCTCCTCCCCT,TCCTCCTCCCCT,0.728438,180.5,45.31031036376953,814.50625,51.32560563152802,763.180644368472,93.69856208819417
case_0100_TCCTCCCTTCCC,TCCTCCCTTCCC,0.728438,180.5,3.1433608531951904,814.50625,0.2470179363349999,814.259232063665,99.96967267760867
case_0101_TCCTCCCTCTCC,TCCTCCCTCTCC,0.728438,180.5,2.244567394256592,814.50625,0.12595206968399567,814.380297930316,99.98453639002966
case_0102_TCCTCCCTCCTC,TCCTCCCTCCTC,0.728438,180.5,4.905817985534668,814.50625,0.6016762526798858,813.9045737473201,99.9261299403559
case_0103_TCCTCCCTCCCT,TCCTCCCTCCCT,0.728438,180.5,4.219456672668457,814.50625,0.4450953653131592,814.0611546346869,99.94535396563094
case_0104_TCCTCCCCTTCC,TCCTCCCCTTCC,0.728438,180.5,43.336421966552734,814.50625,46.95113672157786,767.5551132784221,94.23563211189872
case_0105_TCCTCCCCTCTC,TCCTCCCCTCTC,0.728438,180.5,32.59343338012695,814.50625,26.55829748761935,787.9479525123807,96.73933779051795
case_0106_TCCTCCCCTCCT,TCCTCCCCTCCT,0.728438,180.5,3.625554800033569,814.50625,0.3286161902011613,814.1776338097989,99.95965455265676
case_0107_TCCTCCCCCTTC,TCCTCCCCCTTC,0.728438,180.5,36.291202545166016,814.50625,32.926284554356606,781.5799654456434,95.95751603448635
case_0108_TCCTCCCCCTCT,TCCTCCCCCTCT,0.728438,180.5,17.725645065307617,814.50625,7.854962324531607,806.6512876754684,99.03561669115103
case_0109_TCCTCCCCCCTT,TCCTCCCCCCTT,0.728438,180.5,5.893867015838623,814.50625,0.8684417100097619,813.6378082899903,99.89337814043665
case_0110_TCCCTTTCCCCC,TCCCTTTCCCCC,0.728438,180.5,58.34994125366211,814.50625,85.11789110764549,729.3883588923545,89.54975592788324
case_0111_TCCCTTCTCCCC,TCCCTTCTCCCC,0.728438,180.5,36.34098815917969,814.50625,33.01668550964096,781.489564490359,95.94641716872756
case_0112_TCCCTTCCTCCC,TCCCTTCCTCCC,0.728438,180.5,41.78955841064453,814.50625,43.65917980391678,770.8470701960832,94.63979806122829
case_0113_TCCCTTCCCTCC,TCCCTTCCCTCC,0.728438,180.5,13.90286350250244,814.50625,4.83224033923036,809.6740096607697,99.40672765381109
case_0114_TCCCTTCCCCTC,TCCCTTCCCCTC,0.728438,180.5,3.0305819511413574,814.50625,0.22961067406459393,814.2766393259354,99.97180983275885
case_0115_TCCCTTCCCCCT,TCCCTTCCCCCT,0.728438,180.5,22.28765106201172,814.50625,12.418484746549803,802.0877652534502,98.47533585573471
case_0116_TCCCTCTTCCCC,TCCCTCTTCCCC,0.728438,180.5,-5.004900932312012,814.50625,0.6262258335564411,813.8800241664436,99.92311589585022
case_0117_TCCCTCTCTCCC,TCCCTCTCTCCC,0.728438,180.5,-1.2588292360305786,814.50625,0.039616276137133255,814.4666337238629,99.99513616057123
case_0118_TCCCTCTCCTCC,TCCCTCTCCTCC,0.728438,180.5,0.5738466382026672,814.50625,0.008232499104412571,814.4980175008956,99.99898926507875
case_0119_TCCCTCTCCCTC,TCCCTCTCCCTC,0.728438,180.5,2.4043469429016118,814.50625,0.14452210554600817,814.361727894454,99.98225647678626
case_0120_TCCCTCTCCCCT,TCCCTCTCCCCT,0.728438,180.5,0.6431455016136169,814.50625,0.010340903406145775,814.4959090965939,99.99873040834173
case_0121_TCCCTCCTTCCC,TCCCTCCTTCCC,0.728438,180.5,45.427040100097656,814.50625,51.59039930639702,762.915850693603,93.66605237143398
case_0122_TCCCTCCTCTCC,TCCCTCCTCTCC,0.728438,180.5,0.4302472472190857,814.50625,0.004627817343490027,814.5016221826565,99.99943182543493
case_0123_TCCCTCCTCCTC,TCCCTCCTCCTC,0.728438,180.5,0.4618750214576721,814.50625,0.005333213386163127,814.5009167866139,99.99934522130602
case_0124_TCCCTCCTCCCT,TCCCTCCTCCCT,0.728438,180.5,8.817198753356934,814.50625,1.9435748464049767,812.562675153595,99.76137999599082
case_0125_TCCCTCCCTTCC,TCCCTCCCTTCC,0.728438,180.5,-2.103457450866699,814.50625,0.11061333119016581,814.3956366688099,99.98641958472508
case_0126_TCCCTCCCTCTC,TCCCTCCCTCTC,0.728438,180.5,10.30381965637207,814.50625,2.6542174877759863,811.852032512224,99.67413172240532
case_0127_TCCCTCCCTCCT,TCCCTCCCTCCT,0.728438,180.5,0.5010400414466858,814.50625,0.006276028078322416,814.4999739719217,99.99922946839533
case_0128_TCCCTCCCCTTC,TCCCTCCCCTTC,0.728438,180.5,41.10403060913086,814.50625,42.238533307909165,772.2677166920909,94.81421618214604
case_0129_TCCCTCCCCTCT,TCCCTCCCCTCT,0.728438,180.5,18.60408973693848,814.50625,8.652803873501492,805.8534461264985,98.93766267926102
case_0130_TCCCTCCCCCTT,TCCCTCCCCCTT,0.728438,180.5,7.855326652526855,814.50625,1.542653920447469,812.9635960795525,99.81060256806532
case_0131_TCCCCTTTCCCC,TCCCCTTTCCCC,0.728438,180.5,-8.566011428833008,814.50625,1.8344137949724428,812.6718362050276,99.77478210941015
case_0132_TCCCCTTCTCCC,TCCCCTTCTCCC,0.728438,180.5,27.78939247131348,814.50625,19.30625834811736,795.1999916518827,97.6296979491419
case_0133_TCCCCTTCCTCC,TCCCCTTCCTCC,0.728438,180.5,-0.3877238631248474,814.50625,0.0037582448509113856,814.5024917551491,99.99953858612491
case_0134_TCCCCTTCCCTC,TCCCCTTCCCTC,0.728438,180.5,0.0174351036548614,814.50625,7.599570986394036e-06,814.5062424004291,99.99999906697205
case_0135_TCCCCTTCCCCT,TCCCCTTCCCCT,0.728438,180.5,1.1409118175506592,814.50625,0.03254199438566872,814.4737080056143,99.99600469678585
case_0136_TCCCCTCTTCCC,TCCCCTCTTCCC,0.728438,180.5,-5.375843524932861,814.50625,0.7224923401140644,813.783757659886,99.91129689427011
case_0137_TCCCCTCTCTCC,TCCCCTCTCTCC,0.728438,180.5,-2.365784883499145,814.50625,0.1399234528748266,814.3663265471251,99.98282107069468
case_0138_TCCCCTCTCCTC,TCCCCTCTCCTC,0.728438,180.5,0.8042964935302734,814.50625,0.01617232123762733,814.4900776787624,99.99801446321159
case_0139_TCCCCTCTCCCT,TCCCCTCTCCCT,0.728438,180.5,-2.6398603916168213,814.50625,0.17422157218068293,814.3320284278193,99.97861016140996
case_0140_TCCCCTCCTTCC,TCCCCTCCTTCC,0.728438,180.5,-7.031716823577881,814.50625,1.2361260371747052,813.2701239628253,99.84823615077542
case_0141_TCCCCTCCTCTC,TCCCCTCCTCTC,0.728438,180.5,7.38991641998291,814.50625,1.365271617358326,813.1409783826417,99.83238046149329
case_0142_TCCCCTCCTCCT,TCCCCTCCTCCT,0.728438,180.5,-2.661763429641724,814.50625,0.17712461388445186,814.3291253861156,99.97825374404623
case_0143_TCCCCTCCCTTC,TCCCCTCCCTTC,0.728438,180.5,-1.475406050682068,814.50625,0.05442057535973143,814.4518294246403,99.99331858099804
case_0144_TCCCCTCCCTCT,TCCCCTCCCTCT,0.728438,180.5,0.1881471574306488,814.50625,0.0008849838212308337,814.5053650161788,99.99989134720315
case_0145_TCCCCTCCCCTT,TCCCCTCCCCTT,0.728438,180.5,3.0610485076904297,814.50625,0.23425044916084517,814.2719995508392,99.97124019009543
case_0146_TCCCCCTTTCCC,TCCCCCTTTCCC,0.728438,180.5,66.61528778076172,814.50625,110.93991415284255,703.5663358471575,86.3794889047392
case_0147_TCCCCCTTCTCC,TCCCCCTTCTCC,0.728438,180.5,57.86341094970703,814.50625,83.7043581683669,730.8018918316332,89.72330069064948
case_0148_TCCCCCTTCCTC,TCCCCCTTCCTC,0.728438,180.5,49.653953552246094,814.50625,61.63787758421532,752.8683724157847,92.43248562129324
case_0149_TCCCCCTTCCCT,TCCCCCTTCCCT,0.728438,180.5,12.33481502532959,814.50625,3.8036915427274156,810.7025584572726,99.53300646339702
case_0150_TCCCCCTCTTCC,TCCCCCTCTTCC,0.728438,180.5,-10.425824165344238,814.50625,2.7174452381668974,811.7888047618331,99.66636901335418
case_0151_TCCCCCTCTCTC,TCCCCCTCTCTC,0.728438,180.5,47.69548797607422,814.50625,56.871489331896015,757.634760668104,93.01767305875235
case_0152_TCCCCCTCTCCT,TCCCCCTCTCCT,0.728438,180.5,67.71451568603516,814.50625,114.63139086485754,699.8748591351425,85.92627240553925
case_0153_TCCCCCTCCTTC,TCCCCCTCCTTC,0.728438,180.5,-1.42329204082489,814.50625,0.05064400583688701,814.4556059941631,99.9937822446621
case_0154_TCCCCCTCCTCT,TCCCCCTCCTCT,0.728438,180.5,-3.9517569541931152,814.50625,0.3904095756253412,814.1158404243747,99.95206794599486
case_0155_TCCCCCTCCCTT,TCCCCCTCCCTT,0.728438,180.5,7.145878314971924,814.50625,1.2765894223096497,813.2296605776904,99.84326830858454
case_0156_TCCCCCCTTTCC,TCCCCCCTTTCC,0.728438,180.5,-13.528312683105469,814.50625,4.5753811012968075,809.9308688987032,99.43826322986511
case_0157_TCCCCCCTTCTC,TCCCCCCTTCTC,0.728438,180.5,-8.094481468200684,814.50625,1.6380157559761075,812.8682342440239,99.79889463635472
case_0158_TCCCCCCTTCCT,TCCCCCCTTCCT,0.728438,180.5,-8.418622970581055,814.50625,1.7718303180198747,812.7344196819802,99.78246571858475
case_0159_TCCCCCCTCTTC,TCCCCCCTCTTC,0.728438,180.5,-11.360179901123049,814.50625,3.226342184647002,811.279907815353,99.60388981856836
case_0160_TCCCCCCTCTCT,TCCCCCCTCTCT,0.728438,180.5,0.4747706055641174,814.50625,0.005635178197692968,814.5006148218023,99.99930814794881
case_0161_TCCCCCCTCCTT,TCCCCCCTCCTT,0.728438,180.5,-7.983245372772217,814.50625,1.5933051670472254,812.9129448329528,99.8043839237517
case_0162_TCCCCCCCTTTC,TCCCCCCCTTTC,0.728438,180.5,-7.877069473266602,814.50625,1.5512055871667145,812.9550444128333,99.80955264773392
case_0163_TCCCCCCCTTCT,TCCCCCCCTTCT,0.728438,180.5,-4.539358139038086,814.50625,0.5151443078612828,813.9911056921387,99.93675379312789
case_0164_TCCCCCCCTCTT,TCCCCCCCTCTT,0.728438,180.5,-9.553034782409668,814.50625,2.2815118388482234,812.2247381611518,99.71989019865124
case_0165_TCCCCCCCCTTT,TCCCCCCCCTTT,0.728438,180.5,-11.660438537597656,814.50625,3.3991456722273146,811.1071043277727,99.58267408356568
case_0166_CTTTTCCCCCCC,CTTTTCCCCCCC,0.728438,180.5,64.09369659423828,814.50625,102.7000485778568,711.8062014221432,87.3911282353135
case_0167_CTTTCTCCCCCC,CTTTCTCCCCCC,0.728438,180.5,34.53746032714844,814.50625,29.820904146233808,784.6853458537662,96.33877528303388
case_0168_CTTTCCTCCCCC,CTTTCCTCCCCC,0.728438,180.5,31.92884826660156,814.50625,25.486283790791635,789.0199662092084,96.87095294961928
case_0169_CTTTCCCTCCCC,CTTTCCCTCCCC,0.728438,180.5,71.59603881835938,814.50625,128.14981936200056,686.3564306379994,84.26656402427845
case_0170_CTTTCCCCTCCC,CTTTCCCCTCCC,0.728438,180.5,65.51947784423828,814.50625,107.32004942454078,707.1862005754592,86.82391333098539
case_0171_CTTTCCCCCTCC,CTTTCCCCCTCC,0.728438,180.5,64.51277160644531,814.50625,104.04744250863442,710.4588074913656,87.22570360772131
case_0172_CTTTCCCCCCTC,CTTTCCCCCCTC,0.728438,180.5,32.88603591918945,814.50625,27.037283961955474,787.4689660380445,96.68053081704954
case_0173_CTTTCCCCCCCT,CTTTCCCCCCCT,0.728438,180.5,78.34060668945312,814.50625,153.4312664117897,661.0749835882103,81.1626655520704
case_0174_CTTCTTCCCCCC,CTTCTTCCCCCC,0.728438,180.5,77.48837280273438,814.50625,150.1111979903886,664.3950520096114,81.5702828565909
case_0175_CTTCTCTCCCCC,CTTCTCTCCCCC,0.728438,180.5,42.39361572265625,814.50625,44.93046635100618,769.5757836489938,94.48371742377591
case_0176_CTTCTCCTCCCC,CTTCTCCTCCCC,0.728438,180.5,11.433650016784668,814.50625,3.2682088176580013,811.238041182342,99.59874969435066
case_0177_CTTCTCCCTCCC,CTTCTCCCTCCC,0.728438,180.5,57.480865478515625,814.50625,82.60124740398024,731.9050025960198,89.85873375385638
case_0178_CTTCTCCCCTCC,CTTCTCCCCTCC,0.728438,180.5,45.8848991394043,814.50625,52.635599225832635,761.8706507741674,93.53772924077224
case_0179_CTTCTCCCCCTC,CTTCTCCCCCTC,0.728438,180.5,52.566925048828125,814.50625,69.08204022722785,745.4242097727722,91.51853773654557
case_0180_CTTCTCCCCCCT,CTTCTCCCCCCT,0.728438,180.5,77.76075744628906,814.50625,151.168384965515,663.337865034485,81.44048802995496
case_0181_CTTCCTTCCCCC,CTTCCTTCCCCC,0.728438,180.5,-2.3398444652557373,814.50625,0.13687180303969768,814.3693781969603,99.98319573323842
case_0182_CTTCCTCTCCCC,CTTCCTCTCCCC,0.728438,180.5,11.432082176208496,814.50625,3.2673125720895997,811.2389374279104,99.59885972979463
case_0183_CTTCCTCCTCCC,CTTCCTCCTCCC,0.728438,180.5,26.027904510498047,814.50625,16.936295330190116,797.5699546698099,97.92066723488124
case_0184_CTTCCTCCCTCC,CTTCCTCCCTCC,0.728438,180.5,32.62782669067383,814.50625,26.61437686391619,787.8918731360839,96.73245271427737
case_0185_CTTCCTCCCCTC,CTTCCTCCCCTC,0.728438,180.5,12.709973335266112,814.50625,4.038585554579389,810.4676644454206,99.50416764087699
case_0186_CTTCCTCCCCCT,CTTCCTCCCCCT,0.728438,180.5,40.7310905456543,814.50625,41.47554342595723,773.0307065740428,94.90789132361388
case_0187_CTTCCCTTCCCC,CTTCCCTTCCCC,0.728438,180.5,84.14035034179688,814.50625,176.98996389100796,637.5162861089921,78.2702755330597
case_0188_CTTCCCTCTCCC,CTTCCCTCTCCC,0.728438,180.5,55.40401840209961,814.50625,76.74013137750481,737.7661186224952,90.57832504323879
case_0189_CTTCCCTCCTCC,CTTCCCTCCTCC,0.728438,180.5,75.04037475585938,814.50625,140.77644608749543,673.7298039125046,82.71634550532971
case_0190_CTTCCCTCCCTC,CTTCCCTCCCTC,0.728438,180.5,36.93758773803711,814.50625,34.10963469762974,780.3966153023703,95.81223168052672
case_0191_CTTCCCTCCCCT,CTTCCCTCCCCT,0.728438,180.5,66.48363494873047,814.50625,110.50184289990139,704.0044071000987,86.43327256237735
case_0192_CTTCCCCTTCCC,CTTCCCCTTCCC,0.728438,180.5,2.286379098892212,814.50625,0.13068823459627907,814.3755617654037,99.98395491322549
case_0193_CTTCCCCTCTCC,CTTCCCCTCTCC,0.728438,180.5,10.572113990783691,814.50625,2.7942398558531067,811.7120101441469,99.65694064890809
case_0194_CTTCCCCTCCTC,CTTCCCCTCCTC,0.728438,180.5,38.83164978027344,814.50625,37.69742561644525,776.8088243835548,95.37174507667126
case_0195_CTTCCCCTCCCT,CTTCCCCTCCCT,0.728438,180.5,38.099151611328125,814.50625,36.28863383757416,778.2176161624259,95.54470774931755
case_0196_CTTCCCCCTTCC,CTTCCCCCTTCC,0.728438,180.5,41.47757339477539,814.50625,43.009727367974484,771.4965226320255,94.71953378283169
case_0197_CTTCCCCCTCTC,CTTCCCCCTCTC,0.728438,180.5,62.49742126464844,814.50625,97.64819161827327,716.8580583817268,88.01136374112866
case_0198_CTTCCCCCTCCT,CTTCCCCCTCCT,0.728438,180.5,56.03019714355469,814.50625,78.4845747986401,736.0216752013599,90.36415315430175
case_0199_CTTCCCCCCTTC,CTTCCCCCCTTC,0.728438,180.5,50.323036193847656,814.50625,63.31019929418253,751.1960507058175,92.2271683864694
case_0200_CTTCCCCCCTCT,CTTCCCCCCTCT,0.728438,180.5,61.12326049804688,814.50625,93.40132434780247,721.1049256521976,88.53276763096632
case_0201_CTTCCCCCCCTT,CTTCCCCCCCTT,0.728438,180.5,39.89694213867188,814.50625,39.7941498004133,774.7121001995868,95.11432235168076
case_0202_CTCTTTCCCCCC,CTCTTTCCCCCC,0.728438,180.5,66.1407699584961,814.50625,109.36503626756749,705.1412137324326,86.5728425942014
case_0203_CTCTTCTCCCCC,CTCTTCTCCCCC,0.728438,180.5,30.07971572875977,814.50625,22.61973245807495,791.8865175419251,97.22289025307357
case_0204_CTCTTCCTCCCC,CTCTTCCTCCCC,0.728438,180.5,44.38790130615234,814.50625,49.25714455911801,765.249105440882,93.9525148445309
case_0205_CTCTTCCCTCCC,CTCTTCCCTCCC,0.728438,180.5,34.70822525024414,814.50625,30.116522500542125,784.3897274994579,96.30248110428347
case_0206_CTCTTCCCCTCC,CTCTTCCCCTCC,0.728438,180.5,63.34812927246094,814.50625,100.32463705801057,714.1816129419894,87.68276645415422
case_0207_CTCTTCCCCCTC,CTCTTCCCCCTC,0.728438,180.5,61.31787109375,814.50625,93.99703288674355,720.5092171132565,88.45963025001421
case_0208_CTCTTCCCCCCT,CTCTTCCCCCCT,0.728438,180.5,72.23612976074219,814.50625,130.45146107026957,684.0547889297304,83.98398280304545
case_0209_CTCTCTTCCCCC,CTCTCTTCCCCC,0.728438,180.5,1.4533202648162842,814.50625,0.052803494803141865,814.4534465051969,99.9935171160684
case_0210_CTCTCTCTCCCC,CTCTCTCTCCCC,0.728438,180.5,-2.992197275161743,814.50625,0.223831113337134,814.2824188866629,99.97251941119701
case_0211_CTCTCTCCTCCC,CTCTCTCCTCCC,0.728438,180.5,0.0438758134841918,814.50625,4.812717522248967e-05,814.5062018728248,99.99999409124544
case_0212_CTCTCTCCCTCC,CTCTCTCCCTCC,0.728438,180.5,7.425034999847412,814.50625,1.3782786187239766,813.1279713812761,99.83078354294716
case_0213_CTCTCTCCCCTC,CTCTCTCCCCTC,0.728438,180.5,-1.1401252746582031,814.50625,0.032497141047861076,814.4737528589521,99.99601020359906
case_0214_CTCTCTCCCCCT,CTCTCTCCCCCT,0.728438,180.5,52.138858795166016,814.50625,67.96151491155652,746.5447350884435,91.6561088498024
case_0215_CTCTCCTTCCCC,CTCTCCTTCCCC,0.728438,180.5,1.6392099857330322,814.50625,0.06717523443317219,814.4390747655668,99.99175264346552
case_0216_CTCTCCTCTCCC,CTCTCCTCTCCC,0.728438,180.5,-1.609736442565918,814.50625,0.06478128536311943,814.4414687146369,99.99204655760921
case_0217_CTCTCCTCCTCC,CTCTCCTCCTCC,0.728438,180.5,11.608903884887695,814.50625,3.3691662352140157,811.137083764786,99.58635477195982
case_0218_CTCTCCTCCCTC,CTCTCCTCCCTC,0.728438,180.5,24.703147888183597,814.50625,15.256137889636745,799.2501121103633,98.12694649186096
case_0219_CTCTCCTCCCCT,CTCTCCTCCCCT,0.728438,180.5,3.5815563201904297,814.50625,0.3206886418674003,814.1855613581326,99.96062784762334
case_0220_CTCTCCCTTCCC,CTCTCCCTTCCC,0.728438,180.5,33.053646087646484,814.50625,27.313587992184694,787.1926620078153,96.64660793061014
case_0221_CTCTCCCTCTCC,CTCTCCCTCTCC,0.728438,180.5,34.181365966796875,814.50625,29.20914448390249,785.2971055160975,96.41388332085819
case_0222_CTCTCCCTCCTC,CTCTCCCTCCTC,0.728438,180.5,21.050573348999023,814.50625,11.0781659580397,803.4280840419603,98.6398918414635
case_0223_CTCTCCCTCCCT,CTCTCCCTCCCT,0.728438,180.5,0.6577518582344055,814.50625,0.010815937675270337,814.4954340623248,99.99867208659538
case_0224_CTCTCCCCTTCC,CTCTCCCCTTCC,0.728438,180.5,3.939708948135376,814.50625,0.3880326649004488,814.1182173350995,99.95235976827674
case_0225_CTCTCCCCTCTC,CTCTCCCCTCTC,0.728438,180.5,35.082550048828125,814.50625,30.769632948213257,783.7366170517868,96.2222962748029
case_0226_CTCTCCCCTCCT,CTCTCCCCTCCT,0.728438,180.5,6.828630447387695,814.50625,1.165754844674757,813.3404951553252,99.85687588711876
case_0227_CTCTCCCCCTTC,CTCTCCCCCTTC,0.728438,180.5,46.14615631103516,814.50625,53.23669355706226,761.2695564429378,93.46393062581629
case_0228_CTCTCCCCCTCT,CTCTCCCCCTCT,0.728438,180.5,45.82523727416992,814.50625,52.498809280849315,762.0074407191507,93.55452345751193
case_0229_CTCTCCCCCCTT,CTCTCCCCCCTT,0.728438,180.5,1.246832013130188,814.50625,0.03886475172415693,814.4673852482758,99.9952284280539
case_0230_CTCCTTTCCCCC,CTCCTTTCCCCC,0.728438,180.5,48.20050811767578,814.50625,58.08222457005323,756.4240254299468,92.86902653355291
case_0231_CTCCTTCTCCCC,CTCCTTCTCCCC,0.728438,180.5,-1.363622546195984,814.50625,0.046486661212350476,814.4597633387876,99.99429265751952
case_0232_CTCCTTCCTCCC,CTCCTTCCTCCC,0.728438,180.5,34.9946403503418,814.50625,30.615621331244256,783.8906286687558,96.24120486107451
case_0233_CTCCTTCCCTCC,CTCCTTCCCTCC,0.728438,180.5,6.599542140960693,814.50625,1.0888489117579014,813.4174010882422,99.86631791815498
case_0234_CTCCTTCCCCTC,CTCCTTCCCCTC,0.728438,180.5,3.7129993438720703,814.50625,0.34465910318986065,814.1615908968101,99.95768490380647
case_0235_CTCCTTCCCCCT,CTCCTTCCCCCT,0.728438,180.5,42.548038482666016,814.50625,45.258389468060706,769.2478605319393,94.44345706763322
case_0236_CTCCTCTTCCCC,CTCCTCTTCCCC,0.728438,180.5,65.48704528808594,814.50625,107.21382751409547,707.2924224859046,86.836954594996
case_0237_CTCCTCTCTCCC,CTCCTCTCTCCC,0.728438,180.5,-4.748483180999756,814.50625,0.563702313005939,813.9425476869941,99.9307921439515
case_0238_CTCCTCTCCTCC,CTCCTCTCCTCC,0.728438,180.5,-0.713050901889801,814.50625,0.012711039717146468,814.4935389602829,99.99843941778013
case_0239_CTCCTCTCCCTC,CTCCTCTCCCTC,0.728438,180.5,-1.665722131729126,814.50625,0.06936575550330559,814.4368842444967,99.99148370494353
case_0240_CTCCTCTCCCCT,CTCCTCTCCCCT,0.728438,180.5,2.279016256332397,814.50625,0.12984787741568335,814.3764021225843,99.9840580870416
case_0241_CTCCTCCTTCCC,CTCCTCCTTCCC,0.728438,180.5,-0.3111393749713897,814.50625,0.0024201927664396767,814.5038298072336,99.99970286381887
case_0242_CTCCTCCTCTCC,CTCCTCCTCTCC,0.728438,180.5,-2.5192208290100098,814.50625,0.15866183963294703,814.3475881603671,99.98052048837772
case_0243_CTCCTCCTCCTC,CTCCTCCTCCTC,0.728438,180.5,17.790546417236328,814.50625,7.912588545596009,806.593661454404,99.02854170295244
case_0244_CTCCTCCTCCCT,CTCCTCCTCCCT,0.728438,180.5,9.116883277893066,814.50625,2.0779390175681556,812.4283109824319,99.74488360063927
case_0245_CTCCTCCCTTCC,CTCCTCCCTTCC,0.728438,180.5,-3.2317211627960205,814.50625,0.2611005418515916,814.2451494581484,99.96794370308986
case_0246_CTCCTCCCTCTC,CTCCTCCCTCTC,0.728438,180.5,-0.682853639125824,814.50625,0.011657227311684526,814.4945927726883,99.99856879829815
case_0247_CTCCTCCCTCCT,CTCCTCCCTCCT,0.728438,180.5,3.001599073410034,814.50625,0.22523992493739942,814.2810100750626,99.97234644609081
case_0248_CTCCTCCCCTTC,CTCCTCCCCTTC,0.728438,180.5,7.629969596862793,814.50625,1.4554109012262644,813.0508390987737,99.82131372211984
case_0249_CTCCTCCCCTCT,CTCCTCCCCTCT,0.728438,180.5,-1.7081832885742188,814.50625,0.07294725368410582,814.4333027463159,99.99104399092283
case_0250_CTCCTCCCCCTT,CTCCTCCCCCTT,0.728438,180.5,33.37495422363281,814.50625,27.847189235739645,786.6590607642604,96.58109569622827
case_0251_CTCCCTTTCCCC,CTCCCTTTCCCC,0.728438,180.5,-14.433648109436035,814.50625,5.208254943675661,809.2979950563243,99.3605629246337
case_0252_CTCCCTTCTCCC,CTCCCTTCTCCC,0.728438,180.5,-3.858713388442993,814.50625,0.3722417253537302,814.1340082746462,99.95429848139854
case_0253_CTCCCTTCCTCC,CTCCCTTCCTCC,0.728438,180.5,-5.123532772064209,814.50625,0.656264701660399,813.8499852983397,99.91942791087726
case_0254_CTCCCTTCCCTC,CTCCCTTCCCTC,0.728438,180.5,-3.0204131603240967,814.50625,0.22807239147647496,814.2781776085235,99.97199869350585
case_0255_CTCCCTTCCCCT,CTCCCTTCCCCT,0.728438,180.5,35.02816390991211,814.50625,30.67430667249173,783.8319433275083,96.23399984070205
case_0256_CTCCCTCTTCCC,CTCCCTCTTCCC,0.728438,180.5,9.633413314819336,814.50625,2.3200663023534616,812.1861836976466,99.71515672195844
case_0257_CTCCCTCTCTCC,CTCCCTCTCTCC,0.728438,180.5,0.9138700366020204,814.50625,0.020878961094974453,814.4853710389051,99.99743661130962
case_0258_CTCCCTCTCCTC,CTCCCTCTCCTC,0.728438,180.5,-2.8995566368103027,814.50625,0.21018571725176685,814.2960642827483,99.97419470786728
case_0259_CTCCCTCTCCCT,CTCCCTCTCCCT,0.728438,180.5,51.79550552368164,814.50625,67.06935981134339,747.4368901886567,91.76564209159311
case_0260_CTCCCTCCTTCC,CTCCCTCCTTCC,0.728438,180.5,50.552955627441406,814.50625,63.8900330667515,750.6162169332486,92.15598001037421
case_0261_CTCCCTCCTCTC,CTCCCTCCTCTC,0.728438,180.5,1.2239426374435425,814.50625,0.03745088949380637,814.4687991105062,99.99540201324498
case_0262_CTCCCTCCTCCT,CTCCCTCCTCCT,0.728438,180.5,16.01470375061035,814.50625,6.411768405495332,808.0944815945047,99.21280304411472
case_0263_CTCCCTCCCTTC,CTCCCTCCCTTC,0.728438,180.5,-1.6300781965255735,814.50625,0.06642887316970165,814.4398211268303,99.99184427704887
case_0264_CTCCCTCCCTCT,CTCCCTCCCTCT,0.728438,180.5,13.624918937683104,814.50625,4.640960401460892,809.8652895985391,99.43021181219163
case_0265_CTCCCTCCCCTT,CTCCCTCCCCTT,0.728438,180.5,-0.3148910403251648,814.50625,0.002478909181926614,814.5037710908181,99.99969565498338
case_0266_CTCCCCTTTCCC,CTCCCCTTTCCC,0.728438,180.5,24.382932662963867,814.50625,14.863185131165757,799.6430648688342,98.1751907820025
case_0267_CTCCCCTTCTCC,CTCCCCTTCTCC,0.728438,180.5,-13.083301544189451,814.50625,4.279319482404752,810.2269305175953,99.47461182987794
case_0268_CTCCCCTTCCTC,CTCCCCTTCCTC,0.728438,180.5,13.976190567016602,814.50625,4.883347569139096,809.6229024308609,99.40045302670923
case_0269_CTCCCCTTCCCT,CTCCCCTTCCCT,0.728438,180.5,-5.291030883789063,814.50625,0.699875195330242,813.8063748046698,99.91407368631852
case_0270_CTCCCCTCTTCC,CTCCCCTCTTCC,0.728438,180.5,28.048545837402344,814.50625,19.66802308982151,794.8382269101785,97.58528272928274
case_0271_CTCCCCTCTCTC,CTCCCCTCTCTC,0.728438,180.5,-4.846991539001465,814.50625,0.5873331744787947,813.9189168255213,99.92789089408721
case_0272_CTCCCCTCTCCT,CTCCCCTCTCCT,0.728438,180.5,3.396324872970581,814.50625,0.28837556606896586,814.217874433931,99.96459504564035
case_0273_CTCCCCTCCTTC,CTCCCCTCCTTC,0.728438,180.5,-9.925957679748535,814.50625,2.4631158965039734,812.0431341034961,99.69759398451468
case_0274_CTCCCCTCCTCT,CTCCCCTCCTCT,0.728438,180.5,-3.1514317989349365,814.50625,0.24828805958345726,814.2579619404165,99.96951673979378
case_0275_CTCCCCTCCCTT,CTCCCCTCCCTT,0.728438,180.5,-1.0821142196655271,814.50625,0.02927427961005832,814.47697572039,99.99640588643611
case_0276_CTCCCCCTTTCC,CTCCCCCTTTCC,0.728438,180.5,44.41944122314453,814.50625,49.32716896440979,765.1790810355902,93.94391768455922
case_0277_CTCCCCCTTCTC,CTCCCCCTTCTC,0.728438,180.5,49.302207946777344,814.50625,60.76769271068188,753.7385572893181,92.53932149560768
case_0278_CTCCCCCTTCCT,CTCCCCCTTCCT,0.728438,180.5,0.9173341393470764,814.50625,0.021037548080291037,814.4852124519198,99.99741714098815
case_0279_CTCCCCCTCTTC,CTCCCCCTCTTC,0.728438,180.5,-6.229122161865234,814.50625,0.9700490726860154,813.536200927314,99.8809034218355
case_0280_CTCCCCCTCTCT,CTCCCCCTCTCT,0.728438,180.5,-5.77765417098999,814.50625,0.8345321929889509,813.6717178070111,99.89754133955523
case_0281_CTCCCCCTCCTT,CTCCCCCTCCTT,0.728438,180.5,-3.2749526500701904,814.50625,0.2681328715050441,814.238117128495,99.96708031749235
case_0282_CTCCCCCCTTTC,CTCCCCCCTTTC,0.728438,180.5,-15.766141891479492,814.50625,6.214280753556614,808.2919692464434,99.23704934694403
case_0283_CTCCCCCCTTCT,CTCCCCCCTTCT,0.728438,180.5,-14.444156646728516,814.50625,5.215841530880789,809.2904084691193,99.35963149074905
case_0284_CTCCCCCCTCTT,CTCCCCCCTCTT,0.728438,180.5,-14.26955795288086,814.50625,5.090507104265635,809.4157428957344,99.37501927035359
case_0285_CTCCCCCCCTTT,CTCCCCCCCTTT,0.728438,180.5,-11.33389949798584,814.50625,3.211431945761092,811.2948180542389,99.60572040475306
case_0286_CCTTTTCCCCCC,CCTTTTCCCCCC,0.728438,180.5,56.118072509765625,814.50625,78.73095155528281,735.7752984447172,90.33390455195614
case_0287_CCTTTCTCCCCC,CCTTTCTCCCCC,0.728438,180.5,35.3844108581543,814.50625,31.301413294466695,783.2048367055334,96.15700759884082
case_0288_CCTTTCCTCCCC,CCTTTCCTCCCC,0.728438,180.5,36.7940559387207,814.50625,33.845063810542705,780.6611861894573,95.84471404479183
case_0289_CCTTTCCCTCCC,CCTTTCCCTCCC,0.728438,180.5,27.180538177490234,814.50625,18.469541390450104,796.0367086095499,97.73242484137474
case_0290_CCTTTCCCCTCC,CCTTTCCCCTCC,0.728438,180.5,44.59717178344727,814.50625,49.722693277057644,764.7835567229424,93.89535767502612
case_0291_CCTTTCCCCCTC,CCTTTCCCCCTC,0.728438,180.5,61.76584243774414,814.50625,95.37548230110588,719.1307676988941,88.29039282373759
case_0292_CCTTTCCCCCCT,CCTTTCCCCCCT,0.728438,180.5,15.620889663696287,814.50625,6.100304847134338,808.4059451528657,99.25104259824472
case_0293_CCTTCTTCCCCC,CCTTCTTCCCCC,0.728438,180.5,-0.1500290334224701,814.50625,0.0005627177717420162,814.5056872822283,99.9999309130198
case_0294_CCTTCTCTCCCC,CCTTCTCTCCCC,0.728438,180.5,60.73949432373047,814.50625,92.23215426756215,722.2740957324379,88.6763110451808
case_0295_CCTTCTCCTCCC,CCTTCTCCTCCC,0.728438,180.5,6.91920804977417,814.50625,1.1968860009014919,813.3093639990985,99.85305379781904
case_0296_CCTTCTCCCTCC,CCTTCTCCCTCC,0.728438,180.5,11.485173225402832,814.50625,3.2977301004377524,811.2085198995622,99.59512525527731
case_0297_CCTTCTCCCCTC,CCTTCTCCCCTC,0.728438,180.5,66.53034210205078,814.50625,110.65716050539777,703.8490894946023,86.41420363497545
case_0298_CCTTCTCCCCCT,CCTTCTCCCCCT,0.728438,180.5,39.84395599365234,814.50625,39.688520730602605,774.8177292693974,95.12729083041381
case_0299_CCTTCCTTCCCC,CCTTCCTTCCCC,0.728438,180.5,-0.4454704523086548,814.50625,0.0049610980970019375,814.501288901903,99.99939090730156
case_0300_CCTTCCTCTCCC,CCTTCCTCTCCC,0.728438,180.5,76.80291748046875,814.50625,147.4672033377923,667.0390466622077,81.89489603820815
case_0301_CCTTCCTCCTCC,CCTTCCTCCTCC,0.728438,180.5,64.88473510742188,814.50625,105.25072124900763,709.2555287509924,87.07797254483835
case_0302_CCTTCCTCCCTC,CCTTCCTCCCTC,0.728438,180.5,19.453832626342773,814.50625,9.461290096343964,805.044959903656,98.83840178066848
case_0303_CCTTCCTCCCCT,CCTTCCTCCCCT,0.728438,180.5,43.269775390625,814.50625,46.80683655887842,767.6994134411216,94.25334838635328
case_0304_CCTTCCCTTCCC,CCTTCCCTTCCC,0.728438,180.5,38.52592086791992,814.50625,37.10616446803069,777.4000855319694,95.44433643473815
case_0305_CCTTCCCTCTCC,CCTTCCCTCTCC,0.728438,180.5,6.777812957763672,814.50625,1.1484687122607284,813.3577812877393,99.85899817070025
case_0306_CCTTCCCTCCTC,CCTTCCCTCCTC,0.728438,180.5,33.84214782714844,814.50625,28.632274238864195,785.8739757611359,96.48470785351688
case_0307_CCTTCCCTCCCT,CCTTCCCTCCCT,0.728438,180.5,5.835421562194824,814.50625,0.8513036202132072,813.6549463797868,99.89548224826842
case_0308_CCTTCCCCTTCC,CCTTCCCCTTCC,0.728438,180.5,17.147598266601562,814.50625,7.351003157818923,807.1552468421811,99.09748965611756
case_0309_CCTTCCCCTCTC,CCTTCCCCTCTC,0.728438,180.5,1.9866292476654053,814.50625,0.09866739419199036,814.407582605808,99.98788623240252
case_0310_CCTTCCCCTCCT,CCTTCCCCTCCT,0.728438,180.5,3.189649105072021,814.50625,0.2543465353371686,814.2519034646629,99.96877291790737
case_0311_CCTTCCCCCTTC,CCTTCCCCCTTC,0.728438,180.5,26.84276962280273,814.50625,18.013357025571526,796.4928929744285,97.78843231398513
case_0312_CCTTCCCCCTCT,CCTTCCCCCTCT,0.728438,180.5,68.76204681396484,814.50625,118.20547705114733,696.3007729488527,85.4874683833123
case_0313_CCTTCCCCCCTT,CCTTCCCCCCTT,0.728438,180.5,30.52567481994629,814.50625,23.295420580327573,791.2108294196725,97.13993347744999
case_0314_CCTCTTTCCCCC,CCTCTTTCCCCC,0.728438,180.5,64.93698120117188,814.50625,105.42028818803374,709.0859618119663,87.05715417309152
case_0315_CCTCTTCTCCCC,CCTCTTCTCCCC,0.728438,180.5,-8.446342468261719,814.50625,1.7835175272790367,812.722732472721,99.78103083588627
case_0316_CCTCTTCCTCCC,CCTCTTCCTCCC,0.728438,180.5,71.7918930053711,814.50625,128.85189753236628,685.6543524676338,84.18036724305476
case_0317_CCTCTTCCCTCC,CCTCTTCCCTCC,0.728438,180.5,70.17005920410156,814.50625,123.09593021767796,691.4103197823221,84.88704902906787
case_0318_CCTCTTCCCCTC,CCTCTTCCCCTC,0.728438,180.5,35.25364685058594,814.50625,31.070490406645696,783.4357595933543,96.18535887150703
case_0319_CCTCTTCCCCCT,CCTCTTCCCCCT,0.728438,180.5,8.374748229980469,814.50625,1.7534101978890249,812.752839802111,99.7847272261092
case_0320_CCTCTCTTCCCC,CCTCTCTTCCCC,0.728438,180.5,50.53121948242188,814.50625,63.83510355951733,750.6711464404827,92.1627239128592
case_0321_CCTCTCTCTCCC,CCTCTCTCTCCC,0.728438,180.5,38.74626922607422,814.50625,37.53183447348565,776.9744155265143,95.3920753249609
case_0322_CCTCTCTCCTCC,CCTCTCTCCTCC,0.728438,180.5,52.212669372558594,814.50625,68.15407107520296,746.352178924797,91.63246800436424
case_0323_CCTCTCTCCCTC,CCTCTCTCCCTC,0.728438,180.5,-4.905571937561035,814.50625,0.6016159008646582,813.9046340991354,99.92613734997556
case_0324_CCTCTCTCCCCT,CCTCTCTCCCCT,0.728438,180.5,0.1163476034998893,814.50625,0.0003384191210041864,814.505911580879,99.99995845100992
case_0325_CCTCTCCTTCCC,CCTCTCCTTCCC,0.728438,180.5,-7.806607723236084,814.50625,1.523578103612232,812.9826718963878,99.81294457794372
case_0326_CCTCTCCTCTCC,CCTCTCCTCTCC,0.728438,180.5,-0.93565434217453,814.50625,0.021886226200751313,814.4843637737993,99.9973129455789
case_0327_CCTCTCCTCCTC,CCTCTCCTCCTC,0.728438,180.5,-0.587766706943512,814.50625,0.008636742544780507,814.4976132574552,99.99893963458908
case_0328_CCTCTCCTCCCT,CCTCTCCTCCCT,0.728438,180.5,7.58512544631958,814.50625,1.4383532009101203,813.0678967990899,99.82340796023233
case_0329_CCTCTCCCTTCC,CCTCTCCCTTCC,0.728438,180.5,1.946149230003357,814.50625,0.09468742063606649,814.4115625793639,99.98837486874581
case_0330_CCTCTCCCTCTC,CCTCTCCCTCTC,0.728438,180.5,0.3824070990085602,814.50625,0.003655879734303569,814.5025941202657,99.99955115387581
case_0331_CCTCTCCCTCCT,CCTCTCCCTCCT,0.728438,180.5,10.054950714111328,814.50625,2.5275508465801977,811.9786991534198,99.68968306301146
case_0332_CCTCTCCCCTTC,CCTCTCCCCTTC,0.728438,180.5,0.7993842959403992,814.50625,0.015975381314903194,814.4902746186851,99.99803864226764
case_0333_CCTCTCCCCTCT,CCTCTCCCCTCT,0.728438,180.5,30.946800231933597,814.50625,23.942611114880137,790.5636388851199,97.06047545799923
case_0334_CCTCTCCCCCTT,CCTCTCCCCCTT,0.728438,180.5,-1.229397535324097,814.50625,0.0377854574965241,814.4684645425035,99.9953609370712
case_0335_CCTCCTTTCCCC,CCTCCTTTCCCC,0.728438,180.5,-10.848332405090332,814.50625,2.942157899283325,811.5640921007167,99.63878019361015
case_0336_CCTCCTTCTCCC,CCTCCTTCTCCC,0.728438,180.5,-10.672717094421388,814.50625,2.8476722544388635,811.6585777455612,99.65038055209044
case_0337_CCTCCTTCCTCC,CCTCCTTCCTCC,0.728438,180.5,-1.3419662714004517,814.50625,0.04502183683941077,814.4612281631606,99.99447249952479
case_0338_CCTCCTTCCCTC,CCTCCTTCCCTC,0.728438,180.5,17.151968002319336,814.50625,7.354750158814659,807.1514998411853,99.09702962269293
case_0339_CCTCCTTCCCCT,CCTCCTTCCCCT,0.728438,180.5,-1.1966910362243652,814.50625,0.03580173590449363,814.4704482640956,99.99560448604238
case_0340_CCTCCTCTTCCC,CCTCCTCTTCCC,0.728438,180.5,-2.967555284500122,814.50625,0.22015960916411503,814.2860903908359,99.97297017559237
case_0341_CCTCCTCTCTCC,CCTCCTCTCTCC,0.728438,180.5,-2.755412340164185,814.50625,0.1898074291082268,814.3164425708918,99.97669662705373
case_0342_CCTCCTCTCCTC,CCTCCTCTCCTC,0.728438,180.5,3.81624174118042,814.50625,0.3640925256781941,814.1421574743218,99.95529898933518
case_0343_CCTCCTCTCCCT,CCTCCTCTCCCT,0.728438,180.5,-1.565519094467163,814.50625,0.06127125087853216,814.4449787491214,99.99247749776278
case_0344_CCTCCTCCTTCC,CCTCCTCCTTCC,0.728438,180.5,-6.6939873695373535,814.50625,1.1202366725881405,813.3860133274119,99.86246432454163
case_0345_CCTCCTCCTCTC,CCTCCTCCTCTC,0.728438,180.5,-0.9093047976493835,814.50625,0.02067088037570466,814.4855791196243,99.9974621581632
case_0346_CCTCCTCCTCCT,CCTCCTCCTCCT,0.728438,180.5,56.029815673828125,814.50625,78.4835061110789,736.0227438889211,90.36428436109865
case_0347_CCTCCTCCCTTC,CCTCCTCCCTTC,0.728438,180.5,0.0154837127774953,814.50625,5.99363403439928e-06,814.5062440063659,99.99999926413898
case_0348_CCTCCTCCCTCT,CCTCCTCCCTCT,0.728438,180.5,1.3753502368927002,814.50625,0.04728970685302017,814.458960293147,99.9941940645817
case_0349_CCTCCTCCCCTT,CCTCCTCCCCTT,0.728438,180.5,-0.2536907792091369,814.50625,0.0016089752863934763,814.5046410247136,99.99980246004418
case_0350_CCTCCCTTTCCC,CCTCCCTTTCCC,0.728438,180.5,-13.991009712219238,814.50625,4.893708819185327,809.6125411808147,99.39918093701732
case_0351_CCTCCCTTCTCC,CCTCCCTTCTCC,0.728438,180.5,-7.802484035491943,814.50625,1.521968928102666,812.9842810718974,99.81314214248171
case_0352_CCTCCCTTCCTC,CCTCCCTTCCTC,0.728438,180.5,16.312301635742188,814.50625,6.652279616385932,807.8539703836141,99.18327457691258
case_0353_CCTCCCTTCCCT,CCTCCCTTCCCT,0.728438,180.5,43.7339973449707,814.50625,47.81656309424761,766.6896869057524,94.12938045665732
case_0354_CCTCCCTCTTCC,CCTCCCTCTTCC,0.728438,180.5,2.461830377578736,814.50625,0.15151522019923652,814.3547347798008,99.98139790576201
case_0355_CCTCCCTCTCTC,CCTCCCTCTCTC,0.728438,180.5,-1.4017468690872192,814.50625,0.049122357124895544,814.4571276428751,99.99396906320548
case_0356_CCTCCCTCTCCT,CCTCCCTCTCCT,0.728438,180.5,44.43502426147461,814.50625,49.36178452794593,765.1444654720541,93.93966780145077
case_0357_CCTCCCTCCTTC,CCTCCCTCCTTC,0.728438,180.5,-2.57220721244812,814.50625,0.16540624859425324,814.3408437514057,99.97969245188796
case_0358_CCTCCCTCCTCT,CCTCCCTCCTCT,0.728438,180.5,2.427701234817505,814.50625,0.14734333213836096,814.3589066678617,99.9819101041719
case_0359_CCTCCCTCCCTT,CCTCCCTCCCTT,0.728438,180.5,0.9756262302398682,814.50625,0.023796163528301408,814.4824538364717,99.99707845537976
case_0360_CCTCCCCTTTCC,CCTCCCCTTTCC,0.728438,180.5,26.291763305664062,814.50625,17.281420443026583,797.2248295569734,97.87829492492824
case_0361_CCTCCCCTTCTC,CCTCCCCTTCTC,0.728438,180.5,58.58669662475586,814.50625,85.8100255350295,728.6962244649706,89.4647799774367
case_0362_CCTCCCCTTCCT,CCTCCCCTTCCT,0.728438,180.5,-9.9354248046875,814.50625,2.4678166512399913,812.03843334876,99.6970168551512
case_0363_CCTCCCCTCTTC,CCTCCCCTCTTC,0.728438,180.5,-8.683553695678711,814.50625,1.885102619643385,812.6211473803567,99.7685588514952
case_0364_CCTCCCCTCTCT,CCTCCCCTCTCT,0.728438,180.5,-8.234376907348633,814.50625,1.6951240763069109,812.8111259236931,99.79188323277974
case_0365_CCTCCCCTCCTT,CCTCCCCTCCTT,0.728438,180.5,0.1153740733861923,814.50625,0.00033277942024306214,814.5059172205798,99.99995914341723
case_0366_CCTCCCCCTTTC,CCTCCCCCTTTC,0.728438,180.5,-12.560794830322266,814.50625,3.944339169236264,810.5619108307637,99.51573862456719
case_0367_CCTCCCCCTTCT,CCTCCCCCTTCT,0.728438,180.5,57.46099090576172,814.50625,82.54413689680078,731.9621131031993,89.86574542591899
case_0368_CCTCCCCCTCTT,CCTCCCCCTCTT,0.728438,180.5,-5.9157395362854,814.50625,0.8748993565292551,813.6313506434708,99.89258531085191
case_0369_CCTCCCCCCTTT,CCTCCCCCCTTT,0.728438,180.5,25.99851417541504,814.50625,16.89806848323142,797.6081815167686,97.92536048885673
case_0370_CCCTTTTCCCCC,CCCTTTTCCCCC,0.728438,180.5,50.08286285400391,814.50625,62.70732879132413,751.7989212086759,92.30118506870583
case_0371_CCCTTTCTCCCC,CCCTTTCTCCCC,0.728438,180.5,65.24053192138672,814.50625,106.40817513463699,708.0980748653631,86.93586757196314
case_0372_CCCTTTCCTCCC,CCCTTTCCTCCC,0.728438,180.5,73.95426940917969,814.50625,136.73084909613826,677.7754009038617,83.2130386849532
case_0373_CCCTTTCCCTCC,CCCTTTCCCTCC,0.728438,180.5,47.8540153503418,814.50625,57.25016962876871,757.2560803712313,92.97118105247581
case_0374_CCCTTTCCCCTC,CCCTTTCCCCTC,0.728438,180.5,53.82598114013672,814.50625,72.43090614245885,742.0753438575412,91.1073848552471
case_0375_CCCTTTCCCCCT,CCCTTTCCCCCT,0.728438,180.5,51.92355728149414,814.50625,67.40139501911509,747.104854980885,91.72487687858563
case_0376_CCCTTCTTCCCC,CCCTTCTTCCCC,0.728438,180.5,-5.132963180541992,814.50625,0.6586827753199942,813.84756722468,99.91913103486682
case_0377_CCCTTCTCTCCC,CCCTTCTCTCCC,0.728438,180.5,40.767696380615234,814.50625,41.55012670455071,772.9561232954493,94.8987344535968
case_0378_CCCTTCTCCTCC,CCCTTCTCCTCC,0.728438,180.5,8.515824317932129,814.50625,1.8129815953471053,812.6932684046529,99.77741342127858
case_0379_CCCTTCTCCCTC,CCCTTCTCCCTC,0.728438,180.5,14.21963596343994,814.50625,5.054951173318862,809.4512988266812,99.37938460591079
case_0380_CCCTTCTCCCCT,CCCTTCTCCCCT,0.728438,180.5,67.59793853759766,814.50625,114.23703236332076,700.2692176366793,85.97468928405144
case_0381_CCCTTCCTTCCC,CCCTTCCTTCCC,0.728438,180.5,-3.913249969482422,814.50625,0.3828381330913544,814.1234118669087,99.95299752051119
case_0382_CCCTTCCTCTCC,CCCTTCCTCTCC,0.728438,180.5,4.41484260559082,814.50625,0.4872708808034986,814.0189791191965,99.94017591874788
case_0383_CCCTTCCTCCTC,CCCTTCCTCCTC,0.728438,180.5,7.987448215484619,814.50625,1.5949832248762108,812.9112667751239,99.80417790227195
case_0384_CCCTTCCTCCCT,CCCTTCCTCCCT,0.728438,180.5,38.94428634643555,814.50625,37.91643597582915,776.5898140241709,95.3448563499876
case_0385_CCCTTCCCTTCC,CCCTTCCCTTCC,0.728438,180.5,-12.796832084655762,814.50625,4.093972785071879,810.4122772149282,99.49736754198364
case_0386_CCCTTCCCTCTC,CCCTTCCCTCTC,0.728438,180.5,8.30234146118164,814.50625,1.7232218434513926,812.7830281565487,99.78843356408237
case_0387_CCCTTCCCTCCT,CCCTTCCCTCCT,0.728438,180.5,19.60602378845215,814.50625,9.609904219833789,804.8963457801663,98.82015586499996
case_0388_CCCTTCCCCTTC,CCCTTCCCCTTC,0.728438,180.5,-1.126920461654663,814.50625,0.03174874317239897,814.4745012568276,99.99610208722494
case_0389_CCCTTCCCCTCT,CCCTTCCCCTCT,0.728438,180.5,5.0964202880859375,814.50625,0.6493374938203488,813.8569125061797,99.92027839027382
case_0390_CCCTTCCCCCTT,CCCTTCCCCCTT,0.728438,180.5,-13.110486030578612,814.50625,4.297121098949923,810.2091289010501,99.4724262583682
case_0391_CCCTCTTTCCCC,CCCTCTTTCCCC,0.728438,180.5,49.06689834594727,814.50625,60.189012832288086,754.3172371677119,92.61036820376908
case_0392_CCCTCTTCTCCC,CCCTCTTCTCCC,0.728438,180.5,-8.730573654174805,814.50625,1.90557290827428,812.6006770917257,99.76604563706242
case_0393_CCCTCTTCCTCC,CCCTCTTCCTCC,0.728438,180.5,-5.751682281494141,814.50625,0.8270462266813411,813.6792037733187,99.89846041983333
case_0394_CCCTCTTCCCTC,CCCTCTTCCCTC,0.728438,180.5,0.9259055256843568,814.50625,0.021432526062320628,814.4848174739377,99.99736864805368
case_0395_CCCTCTTCCCCT,CCCTCTTCCCCT,0.728438,180.5,-3.061484098434448,814.50625,0.23431712212417458,814.2719328778759,99.97123200440463
case_0396_CCCTCTCTTCCC,CCCTCTCTTCCC,0.728438,180.5,-11.479777336120604,814.50625,3.294632192172707,811.2116178078273,99.59550559714272
case_0397_CCCTCTCTCTCC,CCCTCTCTCTCC,0.728438,180.5,-3.180360555648804,814.50625,0.25286733159816926,814.2533826684019,99.96895452532155
case_0398_CCCTCTCTCCTC,CCCTCTCTCCTC,0.728438,180.5,-7.724614143371582,814.50625,1.491741591599407,813.0145084084006,99.81685326642989
case_0399_CCCTCTCTCCCT,CCCTCTCTCCCT,0.728438,180.5,44.09354019165039,814.50625,48.60600716581721,765.9002428341828,94.03245743469529
case_0400_CCCTCTCCTTCC,CCCTCTCCTTCC,0.728438,180.5,-2.759384155273437,814.50625,0.1903550229093525,814.3158949770907,99.97662939690035
case_0401_CCCTCTCCTCTC,CCCTCTCCTCTC,0.728438,180.5,54.6619987487793,814.50625,74.69835268028874,739.8078973197113,90.82900190387873
case_0402_CCCTCTCCTCCT,CCCTCTCCTCCT,0.728438,180.5,6.777778625488281,814.50625,1.1484570774031455,813.3577929225969,99.85899959915555
case_0403_CCCTCTCCCTTC,CCCTCTCCCTTC,0.728438,180.5,13.340392112731934,814.50625,4.44915154303601,810.057098456964,99.45376090815313
case_0404_CCCTCTCCCTCT,CCCTCTCCCTCT,0.728438,180.5,0.8407136797904968,814.50625,0.01766998728467195,814.4885800127154,99.99783058911032
case_0405_CCCTCTCCCCTT,CCCTCTCCCCTT,0.728438,180.5,3.2643871307373047,814.50625,0.26640558348308335,814.2398444165169,99.9672923831483
case_0406_CCCTCCTTTCCC,CCCTCCTTTCCC,0.728438,180.5,-10.956629753112791,814.50625,3.0011933886699116,811.5050566113301,99.63153218423187
case_0407_CCCTCCTTCTCC,CCCTCCTTCTCC,0.728438,180.5,-4.970733165740967,814.50625,0.6177047051249304,813.8885452948751,99.92416206688102
case_0408_CCCTCCTTCCTC,CCCTCCTTCCTC,0.728438,180.5,-3.106194496154785,814.50625,0.241211106198557,814.2650388938015,99.97038560401488
case_0409_CCCTCCTTCCCT,CCCTCCTTCCCT,0.728438,180.5,-1.6672205924987793,814.50625,0.06949061260129952,814.4367593873988,99.99146837576737
case_0410_CCCTCCTCTTCC,CCCTCCTCTTCC,0.728438,180.5,12.216315269470217,814.50625,3.73095896907728,810.7752910309227,99.54193611539786
case_0411_CCCTCCTCTCTC,CCCTCCTCTCTC,0.728438,180.5,-4.803863048553467,814.50625,0.5769275047314352,813.9293224952686,99.92916843735313
case_0412_CCCTCCTCTCCT,CCCTCCTCTCCT,0.728438,180.5,31.62898826599121,814.50625,25.009822468255244,789.4964275317448,96.92944990069073
case_0413_CCCTCCTCCTTC,CCCTCCTCCTTC,0.728438,180.5,-5.778061389923096,814.50625,0.8346498356430004,813.6716001643571,99.89752689612351
case_0414_CCCTCCTCCTCT,CCCTCCTCCTCT,0.728438,180.5,-0.2121995538473129,814.50625,0.0011257162663249661,814.5051242837337,99.99986179157419
case_0415_CCCTCCTCCCTT,CCCTCCTCCCTT,0.728438,180.5,-4.584387302398682,814.50625,0.5254151734598566,813.9808348265402,99.93549280027504
case_0416_CCCTCCCTTTCC,CCCTCCCTTTCC,0.728438,180.5,28.210323333740234,814.50625,19.89555856485422,794.6106914351458,97.55734734204259
case_0417_CCCTCCCTTCTC,CCCTCCCTTCTC,0.728438,180.5,-7.536071300506592,814.50625,1.419809266157978,813.0864407338421,99.82568466894418
case_0418_CCCTCCCTTCCT,CCCTCCCTTCCT,0.728438,180.5,-4.5429368019104,814.50625,0.5159568696537974,813.9902931303462,99.93665403185625
case_0419_CCCTCCCTCTTC,CCCTCCCTCTTC,0.728438,180.5,-3.253553628921509,814.50625,0.264640280406708,814.2416097195933,99.96750911605568
case_0420_CCCTCCCTCTCT,CCCTCCCTCTCT,0.728438,180.5,-4.906119346618652,814.50625,0.6017501760816458,813.9044998239184,99.92612086450146
case_0421_CCCTCCCTCCTT,CCCTCCCTCCTT,0.728438,180.5,-3.2883427143096924,814.50625,0.2703299451688409,814.2359200548311,99.96681057448376
case_0422_CCCTCCCCTTTC,CCCTCCCCTTTC,0.728438,180.5,-15.237360000610352,814.50625,5.804428494705007,808.701821505295,99.28736845239617
case_0423_CCCTCCCCTTCT,CCCTCCCCTTCT,0.728438,180.5,44.18864822387695,814.50625,48.8159157963386,765.6903342036615,94.00668616154405
case_0424_CCCTCCCCTCTT,CCCTCCCCTCTT,0.728438,180.5,-6.966125011444092,814.50625,1.2131724418766738,813.2930775581234,99.85105425012065
case_0425_CCCTCCCCCTTT,CCCTCCCCCTTT,0.728438,180.5,-12.90207290649414,814.50625,4.161587132112254,810.3446628678878,99.48906627394052
case_0426_CCCCTTTTCCCC,CCCCTTTTCCCC,0.728438,180.5,49.47158432006836,814.50625,61.185941378440845,753.3203086215592,92.4879715314105
case_0427_CCCCTTTCTCCC,CCCCTTTCTCCC,0.728438,180.5,12.154889106750488,814.50625,3.693533229935042,810.812716770065,99.54653101434948
case_0428_CCCCTTTCCTCC,CCCCTTTCCTCC,0.728438,180.5,29.825340270996094,814.50625,22.238773057017536,792.2674769429825,97.26966207355468
case_0429_CCCCTTTCCCTC,CCCCTTTCCCTC,0.728438,180.5,55.52744674682617,814.50625,77.08243355554042,737.4238164444596,90.53629931562337
case_0430_CCCCTTTCCCCT,CCCCTTTCCCCT,0.728438,180.5,24.245098114013672,814.50625,14.695619563953734,799.8106304360463,98.1957634377939
case_0431_CCCCTTCTTCCC,CCCCTTCTTCCC,0.728438,180.5,-5.865364074707031,814.50625,0.8600623932215967,813.6461876067784,99.89440690071788
case_0432_CCCCTTCTCTCC,CCCCTTCTCTCC,0.728438,180.5,3.734499454498291,814.50625,0.34866215439120085,814.1575878456089,99.95719343413373
case_0433_CCCCTTCTCCTC,CCCCTTCTCCTC,0.728438,180.5,2.8837459087371826,814.50625,0.20789976165396098,814.2983502383461,99.97447536324565
case_0434_CCCCTTCTCCCT,CCCCTTCTCCCT,0.728438,180.5,33.74406814575195,814.50625,28.46655337562879,786.0396966243712,96.50505402805334
case_0435_CCCCTTCCTTCC,CCCCTTCCTTCC,0.728438,180.5,-3.754312515258789,814.50625,0.3523715615557194,814.1538784384443,99.95673801624534
case_0436_CCCCTTCCTCTC,CCCCTTCCTCTC,0.728438,180.5,6.343212604522705,814.50625,1.005908653654393,813.5003413463456,99.87650080602151
case_0437_CCCCTTCCTCCT,CCCCTTCCTCCT,0.728438,180.5,8.619514465332031,814.50625,1.8574007404517034,812.6488492595483,99.77195991553758
case_0438_CCCCTTCCCTTC,CCCCTTCCCTTC,0.728438,180.5,-0.4147193431854248,814.50625,0.004299803340303754,814.5019501966597,99.99947209694949
case_0439_CCCCTTCCCTCT,CCCCTTCCCTCT,0.728438,180.5,7.199339866638184,814.50625,1.2957623628841475,813.2104876371159,99.84091437445886
case_0440_CCCCTTCCCCTT,CCCCTTCCCCTT,0.728438,180.5,1.2134522199630735,814.50625,0.03681165725333279,814.4694383427467,99.9954804941947
case_0441_CCCCTCTTTCCC,CCCCTCTTTCCC,0.728438,180.5,16.63901710510254,814.50625,6.921422255597372,807.5848277444027,99.15023092142052
case_0442_CCCCTCTTCTCC,CCCCTCTTCTCC,0.728438,180.5,-8.625428199768066,814.50625,1.8599502907338548,812.6462997092661,99.77164689764703
case_0443_CCCCTCTTCCTC,CCCCTCTTCCTC,0.728438,180.5,-6.269785404205322,814.50625,0.9827552253696524,813.5234947746304,99.87934343961516
case_0444_CCCCTCTTCCCT,CCCCTCTTCCCT,0.728438,180.5,-5.327185153961182,814.50625,0.7094725416146105,813.7967774583855,99.91289538396856
case_0445_CCCCTCTCTTCC,CCCCTCTCTTCC,0.728438,180.5,-8.857647895812988,814.50625,1.9614481561550066,812.544801843845,99.75918562243629
case_0446_CCCCTCTCTCTC,CCCCTCTCTCTC,0.728438,180.5,-9.041833877563477,814.50625,2.0438689967363644,812.4623810032637,99.74906650541523
case_0447_CCCCTCTCTCCT,CCCCTCTCTCCT,0.728438,180.5,1.0471171140670776,814.50625,0.027411356264304132,814.4788386437357,99.99663460455162
case_0448_CCCCTCTCCTTC,CCCCTCTCCTTC,0.728438,180.5,-2.512395143508911,814.50625,0.15780323392817908,814.3484467660718,99.98062590263388
case_0449_CCCCTCTCCTCT,CCCCTCTCCTCT,0.728438,180.5,-8.542539596557617,814.50625,1.8243745689688695,812.6818754310311,99.7760146629975
case_0450_CCCCTCTCCCTT,CCCCTCTCCCTT,0.728438,180.5,-7.332028865814209,814.50625,1.34396618222832,813.1622838177717,99.83499621000719
case_0451_CCCCTCCTTTCC,CCCCTCCTTTCC,0.728438,180.5,-11.477474212646484,814.50625,3.2933103575491263,811.2129396424509,99.59566788375791
case_0452_CCCCTCCTTCTC,CCCCTCCTTCTC,0.728438,180.5,-0.3383075296878814,814.50625,0.0028612996160879193,814.5033887003839,99.99964870746958
case_0453_CCCCTCCTTCCT,CCCCTCCTTCCT,0.728438,180.5,-8.702880859375,814.50625,1.8935033813118936,812.6127466186881,99.76752745834524
case_0454_CCCCTCCTCTTC,CCCCTCCTCTTC,0.728438,180.5,-13.20067310333252,814.50625,4.356444259526166,810.1498057404739,99.46514293051452
case_0455_CCCCTCCTCTCT,CCCCTCCTCTCT,0.728438,180.5,-9.014134407043455,814.50625,2.031365477706117,812.4748845222939,99.75060160953876
case_0456_CCCCTCCTCCTT,CCCCTCCTCCTT,0.728438,180.5,-10.84788417816162,814.50625,2.9419147785702298,811.5643352214298,99.63881004245576
case_0457_CCCCTCCCTTTC,CCCCTCCCTTTC,0.728438,180.5,22.85885429382324,814.50625,13.06318049065603,801.443069509344,98.39618413110323
case_0458_CCCCTCCCTTCT,CCCCTCCCTTCT,0.728438,180.5,-6.602409839630127,814.50625,1.089795392261118,813.416454607739,99.86620171517885
case_0459_CCCCTCCCTCTT,CCCCTCCCTCTT,0.728438,180.5,-8.408687591552734,814.50625,1.7676506753083232,812.7385993246917,99.78297886906229
case_0460_CCCCTCCCCTTT,CCCCTCCCCTTT,0.728438,180.5,-11.821928977966309,814.50625,3.4939501190019886,811.0122998809981,99.5710345845717
case_0461_CCCCCTTTTCCC,CCCCCTTTTCCC,0.728438,180.5,47.6732292175293,814.50625,56.81841960067723,757.6878303993228,93.02418862953142
case_0462_CCCCCTTTCTCC,CCCCCTTTCTCC,0.728438,180.5,53.25522994995117,814.50625,70.90298792555441,743.6032620744456,91.29497312935851
case_0463_CCCCCTTTCCTC,CCCCCTTTCCTC,0.728438,180.5,25.686132431030277,814.50625,16.494434981610635,798.0118150183894,97.97491609406181
case_0464_CCCCCTTTCCCT,CCCCCTTTCCCT,0.728438,180.5,30.336320877075195,814.50625,23.00730910892171,791.4989408910783,97.17530600791318
case_0465_CCCCCTTCTTCC,CCCCCTTCTTCC,0.728438,180.5,0.5371753573417664,814.50625,0.00721393411338136,814.4990360658867,99.99911431813895
case_0466_CCCCCTTCTCTC,CCCCCTTCTCTC,0.728438,180.5,4.331153392791748,814.50625,0.4689722427972868,814.0372777572028,99.94242251145437
case_0467_CCCCCTTCTCCT,CCCCCTTCTCCT,0.728438,180.5,6.515053749084473,814.50625,1.0611481338364912,813.4451018661636,99.86971884699025
case_0468_CCCCCTTCCTTC,CCCCCTTCCTTC,0.728438,180.5,-3.753355026245117,814.50625,0.35219184882598714,814.154058151174,99.95676008025401
case_0469_CCCCCTTCCTCT,CCCCCTTCCTCT,0.728438,180.5,3.355550527572632,814.50625,0.2814929835773242,814.2247570164227,99.96544004621482
case_0470_CCCCCTTCCCTT,CCCCCTTCCCTT,0.728438,180.5,-2.5948500633239746,814.50625,0.16833117127831088,814.3379188287217,99.97933334811387
case_0471_CCCCCTCTTTCC,CCCCCTCTTTCC,0.728438,180.5,9.582013130187988,814.50625,2.295374390677375,812.2108756093227,99.71818824095243
case_0472_CCCCCTCTTCTC,CCCCCTCTTCTC,0.728438,180.5,47.24535751342773,814.50625,55.803095164290056,758.7031548357099,93.14884383461882
case_0473_CCCCCTCTTCCT,CCCCCTCTTCCT,0.728438,180.5,-14.250707626342772,814.50625,5.077066696287601,809.4291833037124,99.37666939986187
case_0474_CCCCCTCTCTTC,CCCCCTCTCTTC,0.728438,180.5,-15.825419425964355,814.50625,6.26109750019225,808.2451524998078,99.23130147863294
case_0475_CCCCCTCTCTCT,CCCCCTCTCTCT,0.728438,180.5,-11.643553733825684,814.50625,3.389308588812151,811.1169414111879,99.58388181934612
case_0476_CCCCCTCTCCTT,CCCCCTCTCCTT,0.728438,180.5,-12.199288368225098,814.50625,3.7205659172778045,810.7856840827222,99.54321210951079
case_0477_CCCCCTCCTTTC,CCCCCTCCTTTC,0.728438,180.5,-6.473384380340576,814.50625,1.0476176333909337,813.4586323666091,99.87138003749008
case_0478_CCCCCTCCTTCT,CCCCCTCCTTCT,0.728438,180.5,41.71727752685547,814.50625,43.508281106317014,770.997968893683,94.65832446266471
case_0479_CCCCCTCCTCTT,CCCCCTCCTCTT,0.728438,180.5,-1.156874656677246,814.50625,0.0334589742815524,814.4727910257185,99.9958921157104
case_0480_CCCCCTCCCTTT,CCCCCTCCCTTT,0.728438,180.5,-11.559101104736328,814.50625,3.3403204587379154,811.1659295412621,99.58989627658009
case_0481_CCCCCCTTTTCC,CCCCCCTTTTCC,0.728438,180.5,-18.218839645385746,814.50625,8.298152950606985,806.208097049393,98.98120450879205
case_0482_CCCCCCTTTCTC,CCCCCCTTTCTC,0.728438,180.5,-17.625991821289062,814.50625,7.766889692103724,806.7393603078963,99.04642969994353
case_0483_CCCCCCTTTCCT,CCCCCCTTTCCT,0.728438,180.5,-10.752375602722168,814.50625,2.8903395275503727,811.6159104724496,99.64514213027212
case_0484_CCCCCCTTCTTC,CCCCCCTTCTTC,0.728438,180.5,-12.673967361450195,814.50625,4.015736216977621,810.4905137830224,99.50697294011218
case_0485_CCCCCCTTCTCT,CCCCCCTTCTCT,0.728438,180.5,-15.418643951416016,814.50625,5.943364532513442,808.5628854674866,99.27031075175746
case_0486_CCCCCCTTCCTT,CCCCCCTTCCTT,0.728438,180.5,-0.7231730818748474,814.50625,0.01307448265870912,814.4931755173413,99.99839479652137
case_0487_CCCCCCTCTTTC,CCCCCCTCTTTC,0.728438,180.5,-12.962410926818848,814.50625,4.200602425892817,810.3056475741072,99.48427621937918
case_0488_CCCCCCTCTTCT,CCCCCCTCTTCT,0.728438,180.5,-1.9031177759170528,814.50625,0.09054643172528674,814.4157035682747,99.98888327355066
case_0489_CCCCCCTCTCTT,CCCCCCTCTCTT,0.728438,180.5,-18.05229759216309,814.50625,8.147136208900433,806.3591137910996,98.99974540294807
case_0490_CCCCCCTCCTTT,CCCCCCTCCTTT,0.728438,180.5,14.362431526184082,814.50625,5.156985983608161,809.3492640163919,99.36685740795627
case_0491_CCCCCCCTTTTC,CCCCCCCTTTTC,0.728438,180.5,-7.435757637023926,814.50625,1.382262290913991,813.123987709086,99.83029445250861
case_0492_CCCCCCCTTTCT,CCCCCCCTTTCT,0.728438,180.5,-19.02752685546875,814.50625,9.051169455889612,805.4550805441104,98.88875383634077
case_0493_CCCCCCCTTCTT,CCCCCCCTTCTT,0.728438,180.5,-20.432491302490234,814.50625,10.437167520658477,804.0690824793415,98.71858963382313
case_0494_CCCCCCCTCTTT,CCCCCCCTCTTT,0.728438,180.5,-20.763336181640625,814.50625,10.777903234795668,803.7283467652044,98.67675622688031
case_0495_CCCCCCCCTTTT,CCCCCCCCTTTT,0.728438,180.5,-22.607784271240234,814.50625,12.777797741373433,801.7284522586266,98.43122164607412
